-- phpMyAdmin SQL Dump
-- version 4.7.4
-- https://www.phpmyadmin.net/
--
-- Host: 127.0.0.1:3306
-- Generation Time: May 12, 2018 at 06:11 AM
-- Server version: 5.7.19
-- PHP Version: 5.6.31

SET SQL_MODE = "NO_AUTO_VALUE_ON_ZERO";
SET AUTOCOMMIT = 0;
START TRANSACTION;
SET time_zone = "+00:00";


/*!40101 SET @OLD_CHARACTER_SET_CLIENT=@@CHARACTER_SET_CLIENT */;
/*!40101 SET @OLD_CHARACTER_SET_RESULTS=@@CHARACTER_SET_RESULTS */;
/*!40101 SET @OLD_COLLATION_CONNECTION=@@COLLATION_CONNECTION */;
/*!40101 SET NAMES utf8mb4 */;

--
-- Database: `quiz`
--

-- --------------------------------------------------------

--
-- Table structure for table `answers`
--

DROP TABLE IF EXISTS `answers`;
CREATE TABLE IF NOT EXISTS `answers` (
  `idanswers` int(11) NOT NULL AUTO_INCREMENT,
  `answers` varchar(100) NOT NULL,
  PRIMARY KEY (`idanswers`)
) ENGINE=InnoDB AUTO_INCREMENT=45 DEFAULT CHARSET=latin1;

--
-- Dumping data for table `answers`
--

INSERT INTO `answers` (`idanswers`, `answers`) VALUES
(1, 'HTML'),
(2, 'Java Servlets'),
(3, 'CSS'),
(4, 'Pug'),
(5, 'Not available for the clients/end users to see\n'),
(6, 'Available for the clients/end users to see'),
(7, 'Available if defined by the server'),
(8, 'Not available to both'),
(9, 'Emitters'),
(10, 'Collectors'),
(11, 'Issuer'),
(12, 'Ejector'),
(13, 'before'),
(14, 'in'),
(15, 'process'),
(16, 'generator'),
(17, 'v.cease();'),
(18, 'v.stop()'),
(19, 'v.rest()'),
(20, 'v.pause();'),
(21, 'Apache HTTP Server'),
(22, 'Node.js'),
(23, 'Internet Information Services'),
(24, 'Apache Tomcat'),
(25, 'Servlet 1.0'),
(26, 'Servlet 2.0'),
(27, 'Servlet 3.0'),
(28, 'PHP: Hypertext Preprocessor'),
(29, 'PHP: HTTP Processor'),
(30, 'PHP: Hypertext Processor'),
(31, 'PHP: HTTP Preprocessor'),
(32, 'PHP'),
(33, 'Sun Microsystem'),
(34, 'JSP'),
(35, 'Java Servlet Pages'),
(36, 'Java Servlet Package'),
(37, 'Java Server Pages'),
(39, 'Java Server Package'),
(40, 'TRUE'),
(41, 'FALSE'),
(42, 'FALLS'),
(43, 'I DON\'T KNOW'),
(44, 'I DON\'T KNOW');

-- --------------------------------------------------------

--
-- Table structure for table `answerstoquest`
--

DROP TABLE IF EXISTS `answerstoquest`;
CREATE TABLE IF NOT EXISTS `answerstoquest` (
  `quest` int(11) NOT NULL,
  `ans` int(11) NOT NULL,
  PRIMARY KEY (`ans`,`quest`),
  KEY `quest_idx` (`quest`)
) ENGINE=InnoDB DEFAULT CHARSET=latin1;

--
-- Dumping data for table `answerstoquest`
--

INSERT INTO `answerstoquest` (`quest`, `ans`) VALUES
(1, 2),
(2, 5),
(3, 9),
(4, 15),
(5, 20),
(6, 23),
(7, 26),
(8, 30),
(9, 22),
(10, 37),
(11, 40),
(12, 41),
(13, 40),
(14, 40),
(15, 41),
(16, 41),
(17, 40),
(18, 40),
(19, 41),
(20, 40);

-- --------------------------------------------------------

--
-- Table structure for table `choicesofquestions`
--

DROP TABLE IF EXISTS `choicesofquestions`;
CREATE TABLE IF NOT EXISTS `choicesofquestions` (
  `question` int(11) NOT NULL,
  `choice` int(11) NOT NULL,
  PRIMARY KEY (`question`,`choice`),
  KEY `choice_idx` (`choice`)
) ENGINE=InnoDB DEFAULT CHARSET=latin1;

--
-- Dumping data for table `choicesofquestions`
--

INSERT INTO `choicesofquestions` (`question`, `choice`) VALUES
(1, 2),
(1, 3),
(1, 4),
(2, 5),
(2, 6),
(2, 7),
(2, 8),
(3, 9),
(3, 10),
(3, 11),
(3, 12),
(4, 13),
(4, 14),
(4, 15),
(4, 16),
(5, 17),
(5, 18),
(5, 19),
(5, 20),
(6, 21),
(6, 22),
(9, 22),
(6, 23),
(6, 24),
(7, 25),
(7, 26),
(7, 27),
(8, 28),
(8, 29),
(8, 30),
(8, 31),
(9, 32),
(9, 33),
(9, 34),
(10, 35),
(10, 36),
(10, 37),
(10, 39),
(11, 40),
(12, 40),
(13, 40),
(14, 40),
(15, 40),
(16, 40),
(17, 40),
(18, 40),
(19, 40),
(20, 40),
(11, 41),
(12, 41),
(13, 41),
(14, 41),
(15, 41),
(16, 41),
(17, 41),
(18, 41),
(19, 41),
(20, 41),
(11, 42),
(12, 42),
(13, 42),
(14, 42),
(15, 42),
(16, 42),
(17, 42),
(18, 42),
(19, 42),
(20, 42),
(11, 43),
(12, 43),
(13, 43),
(14, 43),
(15, 43),
(16, 43),
(17, 43),
(18, 43),
(19, 43),
(20, 43);

-- --------------------------------------------------------

--
-- Table structure for table `questions`
--

DROP TABLE IF EXISTS `questions`;
CREATE TABLE IF NOT EXISTS `questions` (
  `idquestions` int(11) NOT NULL AUTO_INCREMENT,
  `question` varchar(250) NOT NULL,
  PRIMARY KEY (`idquestions`)
) ENGINE=InnoDB AUTO_INCREMENT=21 DEFAULT CHARSET=latin1;

--
-- Dumping data for table `questions`
--

INSERT INTO `questions` (`idquestions`, `question`) VALUES
(1, 'Used to extend the capabilities of servers and implement the web applications.'),
(2, 'The script for the server-side is'),
(3, 'Events generated by Node objects.'),
(4, 'Which of the following is an example of the item in #3?'),
(5, 'This method is used to pause data events'),
(6, 'Which of the following is not an open-source HTTP Web server software?'),
(7, 'What is a part of Java Servlet Development Kit 2.0'),
(8, 'What is PHP?'),
(9, 'A server-side programming technology that enables the creation of dynamic, platform-independent method for building Web-based applications based on HTML, XML, or other document types.'),
(10, 'What is the meaning of JSP?'),
(11, 'PHP development began in 1994 when Rasmus Lerdorf wrote several Common Gateway Interface (CGI) programs in C.'),
(12, 'Servlet 2.2 has an addition of filter'),
(13, 'Node.js is a JavaScript runtime built on Chrome\'s V8 JavaScript engine'),
(14, 'The PHP language evolved without a written formal specification or standard until 2014, leaving the canonical PHP interpreter as a de factor standard.'),
(15, 'The difference of JSP with Java servlets is that, servlets are HTML in Java, while JSP is Java in HTML'),
(16, 'On December 1, 2001, superglobals were introduced'),
(17, 'On December 2014, Node.js v0.12 and io.js v3.3 were merged back together into Node v4.0.'),
(18, 'To deploy and run JavaServer Pages, a compatible web server with a servlet container, such as Apache Tomcat or Jetty, is required.'),
(19, 'JSP may be viewed as a low-level abstraction of Java Servlets.'),
(20, 'The HttpServlet class provides methods, such as doObtain and doPost, for handling HTTP-specific services.');

--
-- Constraints for dumped tables
--

--
-- Constraints for table `answerstoquest`
--
ALTER TABLE `answerstoquest`
  ADD CONSTRAINT `ans` FOREIGN KEY (`ans`) REFERENCES `answers` (`idanswers`) ON DELETE CASCADE ON UPDATE CASCADE,
  ADD CONSTRAINT `quest` FOREIGN KEY (`quest`) REFERENCES `questions` (`idquestions`) ON DELETE CASCADE ON UPDATE CASCADE;

--
-- Constraints for table `choicesofquestions`
--
ALTER TABLE `choicesofquestions`
  ADD CONSTRAINT `choice` FOREIGN KEY (`choice`) REFERENCES `answers` (`idanswers`) ON DELETE CASCADE ON UPDATE CASCADE,
  ADD CONSTRAINT `question` FOREIGN KEY (`question`) REFERENCES `questions` (`idquestions`) ON DELETE CASCADE;
COMMIT;

/*!40101 SET CHARACTER_SET_CLIENT=@OLD_CHARACTER_SET_CLIENT */;
/*!40101 SET CHARACTER_SET_RESULTS=@OLD_CHARACTER_SET_RESULTS */;
/*!40101 SET COLLATION_CONNECTION=@OLD_COLLATION_CONNECTION */;
